TNS_NAME,Repeater,P_Ox,Redshift,Redshift_err,Magnitude,Magnitude_err,Mag_flag,Band,Stellar_Mass,Mstar_err,Mstar_source,SFR,SFR_err,SFR_flag,SFR_type,Refs
FRB20121102A,True,1,0.19273,,23.7306,0.14,0,GMOS_N_r,8.14,0.095,Prospector:Gordon2023,0.131768,,0,nebular,z:hostJSON(Tendulkar2017);mag:GMOS_N_r(Bassa2017);Mstar:Prospector:Gordon2023;SFR:nebular(repo)
FRB20180814A,True,0.34,0.06835,,16.7168,0.004363,0,Pan-STARRS_r,10.78,0.15,Prospector:Michilli2023,0.316228,,1,SED,z:hostJSON(Michilli2023);mag:Pan-STARRS_r(repo);Mstar:Prospector:Michilli2023;SFR:SED(Michilli2023)
FRB20180916B,True,1,0.0337,,17.0725,0.033298,0,Pan-STARRS_r,9.91,0.04,Prospector:Gordon2023,0.056232,,0,nebular,z:hostJSON(Marcote2020);mag:Pan-STARRS_r(repo);Mstar:Prospector:Gordon2023;SFR:nebular(repo)
FRB20181030A,True,,0.0039,,12.5831,0.01,0,DECaL_r,9.76343,0.144724,Prospector:Bhardwaj2021b,0.36,0.08,0,UV+IR,z:hostJSON(Bhardwaj2021b);mag:DECaL_r(Bhardwaj2021b);Mstar:Prospector:Bhardwaj2021b;SFR:UV+IR(Bhardwaj2021b)
FRB20181119A,True,,,,,,,,,,,,,,,
FRB20190110C,True,0.779,0.12244,,17.992,0.00550424,0,DECaL_r,10.3979,0.0238087,Prospector:Ibik2024a,0.1575,0.0006,0,nebular,z:hostJSON(CHIME2023);mag:DECaL_r(repo);Mstar:Prospector:Ibik2024a;SFR:nebular(Ibik2024a)
FRB20190208A,True,0.9995,,,27.1717,0.16,0,GTC_OSIRIS_r,,,,,,,,mag:GTC_OSIRIS_r(Hewitt2024)
FRB20190303A,True,0.976179,0.0644,,15.3596,0.00089288,0,DECaL_r,10.75,0.03,Other:SDSS:Michilli2023,6.91831,0.638101,0,SDSS,"z:hostJSON(CHIME/FRB+2025(ApJS280,6));mag:DECaL_r(repo);Mstar:Other:SDSS:Michilli2023;SFR:SDSS(Michilli2023_SDSS)"
FRB20190417A,True,1,0.12817,,22.2553,0.06,0,GMOS_N_r,7.88,0.13,Prospector:Moroianu2025,0.19,0.01,0,nebular,z:hostJSON(Moroianu2025);mag:GMOS_N_r(Moroianu2025);Mstar:Prospector:Moroianu2025;SFR:nebular(Moroianu2025)
FRB20191106C,True,0.984675,0.1079,,17.2628,0.00284247,0,DECaL_r,10.43,0.13,Photometric:CIGALE:Leung2025b,1.53,,0,nebular,"z:hostJSON(CHIME/FRB+2025(ApJS280,6));mag:DECaL_r(repo);Mstar:Leung2025b_Table1_typo_corrected(C.Leung,priv.comm.);Mstar:Photometric:CIGALE:Leung2025b;SFR:nebular(Ibik2024a)"
FRB20200120E,True,0.99999,0.0008,,7.62011,0.000171629,0,DECaL_r,10.8573,0.104514,Other:Bhardwaj2021,0.89,0.27,0,nebular,z:hostJSON(Bhardwaj2021);mag:DECaL_r(repo);Mstar:Other:Bhardwaj2021;SFR:nebular(Bhardwaj2021)
FRB20200223B,True,0.899,0.06024,,15.9744,0.00117669,0,DECaL_r,10.7482,0.0796715,Prospector:Ibik2024a,0.59,0.04,0,SED,z:hostJSON(CHIME2023);mag:DECaL_r(repo);Mstar:Prospector:Ibik2024a;SFR:SED(Ibik2024a)
FRB20201124A,True,1,0.0979,,17.865,0.029,0,Pan-STARRS_r,10.22,0.05,Prospector:Gordon2023,2.1,0.5,0,nebular,z:hostJSON(Kumar2021);mag:Pan-STARRS_r(Gordon2023);Mstar:Prospector:Gordon2023;SFR:nebular(Fong2021)
FRB20220912A,True,0.95,0.0771,,19.113,0.025292,0,Pan-STARRS_r,10,0.1,Prospector:Ravi2023,0.1,,2,nebular,z:hostJSON(Ravi2023);mag:Pan-STARRS_r(repo);Mstar:Prospector:Ravi2023;SFR:nebular(Ravi2023)
FRB20221209A,False,0.70897,,,,,,,,,,,,,,
FRB20230203A,False,0.938327,0.1464,,17.8931,0.00352958,0,DECaL_r,,,,,,,,"z:hostJSON(CHIME/FRB+2025(ApJS280,6));mag:DECaL_r(repo)"
FRB20230222A,False,0.985382,0.1223,,17.3662,0.002533,0,Pan-STARRS_r,,,,,,,,"z:hostJSON(CHIME/FRB+2025(ApJS280,6));mag:Pan-STARRS_r(repo)"
FRB20230222B,False,0.980619,0.11,,17.3517,0.00190882,0,DECaL_r,10.19,0.3,Other:NED-LVS:Leung2025b,,,,,"z:hostJSON(CHIME/FRB+2025(ApJS280,6));mag:DECaL_r(repo);Mstar:Other:NED-LVS:Leung2025b"
FRB20230311A,False,0.773594,0.1918,,19.0647,0.00602223,0,DECaL_r,,,,,,,,"z:hostJSON(CHIME/FRB+2025(ApJS280,6));mag:DECaL_r(repo)"
FRB20230314A,False,0.615226,,,,,,,,,,,,,,
FRB20230317A,False,0.421209,,,,,,,,,,,,,,
FRB20230409A,False,0.683662,,,,,,,,,,,,,,
FRB20230410A,False,0.717361,,,,,,,,,,,,,,
FRB20230411A,False,0.031865,,,,,,,,,,,,,,
FRB20230414A,False,0.011763,,,,,,,,,,,,,,
FRB20230414B,False,0.000608,,,,,,,,,,,,,,
FRB20230615A,False,0.857104,,,,,,,,,,,,,,
FRB20230616A,False,0.230691,,,,,,,,,,,,,,
FRB20230702A,False,0.53839,,,,,,,,,,,,,,
FRB20230703A,False,0.973473,0.1184,,18.052,0.0029329,0,DECaL_r,,,,,,,,"z:hostJSON(CHIME/FRB+2025(ApJS280,6));mag:DECaL_r(repo)"
FRB20230720A,False,0.37531,,,,,,,,,,,,,,
FRB20230730A,False,0.951931,0.2115,,20.3634,0.129011,0,Pan-STARRS_r,,,,,,,,"z:hostJSON(CHIME/FRB+2025(ApJS280,6));mag:Pan-STARRS_r(repo)"
FRB20230802A,False,0.382216,,,,,,,,,,,,,,
FRB20230805A,False,0.240326,,,,,,,,,,,,,,
FRB20230828A,False,1.1e-05,,,,,,,,,,,,,,
FRB20230911A,False,0.687366,,,,,,,,,,,,,,
FRB20230913A,False,4.3e-05,,,,,,,,,,,,,,
FRB20230918A,False,0.185319,,,,,,,,,,,,,,
FRB20230923A,False,0.747105,,,,,,,,,,,,,,
FRB20230924A,False,0.45741,,,,,,,,,,,,,,
FRB20230926A,False,0.995847,0.0553,,15.3876,0.00120784,0,DECaL_r,10.49,0.16,Photometric:CIGALE:Leung2025b,,,,,"z:hostJSON(CHIME/FRB+2025(ApJS280,6));mag:DECaL_r(repo);Mstar:Photometric:CIGALE:Leung2025b"
FRB20230928A,False,0.437755,,,,,,,,,,,,,,
FRB20231005A,False,0.984624,0.0713,,17.7861,0.00331017,0,DECaL_r,,,,,,,,"z:hostJSON(CHIME/FRB+2025(ApJS280,6));mag:DECaL_r(repo)"
FRB20231005B,False,0.267428,,,,,,,,,,,,,,
FRB20231006B,False,0.262416,,,,,,,,,,,,,,
FRB20231007A,False,0.873172,,,,,,,,,,,,,,
FRB20231007B,False,0.946031,,,,,,,,,,,,,,
FRB20231009A,False,0.227385,,,,,,,,,,,,,,
FRB20231011A,False,0.991333,0.0783,,17.7716,0.010317,0,Pan-STARRS_r,9.59,0.16,Photometric:CIGALE:Leung2025b,,,,,"z:hostJSON(CHIME/FRB+2025(ApJS280,6));mag:Pan-STARRS_r(repo);Mstar:Photometric:CIGALE:Leung2025b"
FRB20231014A,False,0.034446,,,,,,,,,,,,,,
FRB20231017A,False,0.918165,0.245,,20.1035,0.031052,0,Pan-STARRS_r,,,,,,,,"z:hostJSON(CHIME/FRB+2025(ApJS280,6));mag:Pan-STARRS_r(repo)"
FRB20231018A,False,0.679542,,,,,,,,,,,,,,
FRB20231019A,False,0.392097,,,,,,,,,,,,,,
FRB20231019B,False,0.069672,,,,,,,,,,,,,,
FRB20231020A,False,0.570627,0.0455,,17.3507,0.0098,0,Pan-STARRS_z,,,,,,,,"z:hostJSON(CHIME/FRB+2025(ApJS280,6));mag:Pan-STARRS_z(repo)"
FRB20231025B,False,0.925295,0.3238,,20.8617,0.0255061,0,DECaL_r,,,,,,,,"z:hostJSON(CHIME/FRB+2025(ApJS280,6));mag:DECaL_r(repo)"
FRB20231025C,False,0.947554,,,,,,,,,,,,,,
FRB20231028A,False,0.222859,,,,,,,,,,,,,,
FRB20231028B,False,0.890637,,,,,,,,,,,,,,
FRB20231101A,False,0.394543,,,,,,,,,,,,,,
FRB20231102A,False,0.350211,,,,,,,,,,,,,,
FRB20231104B,False,0.39178,,,,,,,,,,,,,,
FRB20231110A,False,0.405298,,,,,,,,,,,,,,
FRB20231110B,False,0.337556,,,,,,,,,,,,,,
FRB20231118A,False,0.000477,,,,,,,,,,,,,,
FRB20231118B,False,0.876675,,,,,,,,,,,,,,
FRB20231123A,False,0.95591,0.0729,,17.6382,0.008833,0,Pan-STARRS_r,9.42,0.16,Photometric:CIGALE:Leung2025b,,,,,"z:hostJSON(CHIME/FRB+2025(ApJS280,6));mag:Pan-STARRS_r(repo);Mstar:Photometric:CIGALE:Leung2025b"
FRB20231123C,False,0.331665,,,,,,,,,,,,,,
FRB20231126A,False,0.122311,,,,,,,,,,,,,,
FRB20231127A,False,0.666423,,,,,,,,,,,,,,
FRB20231201A,False,0.911081,0.1119,,19.0697,0.023298,0,Pan-STARRS_r,9.47,0.16,Photometric:CIGALE:Leung2025b,,,,,"z:hostJSON(CHIME/FRB+2025(ApJS280,6));mag:Pan-STARRS_r(repo);Mstar:Photometric:CIGALE:Leung2025b"
FRB20231202A,False,0.987769,,,,,,,,,,,,,,
FRB20231203A,False,0.250151,,,,,,,,,,,,,,
FRB20231206A,False,0.989186,0.0659,,16.1708,0.003233,0,Pan-STARRS_r,,,,,,,,"z:hostJSON(CHIME/FRB+2025(ApJS280,6));mag:Pan-STARRS_r(repo)"
FRB20231209A,False,0.504687,,,,,,,,,,,,,,
FRB20231210A,False,0.509419,,,,,,,,,,,,,,
FRB20231210B,False,0.653126,,,,,,,,,,,,,,
FRB20231214A,False,0.773837,,,,,,,,,,,,,,
FRB20231219A,False,0.011178,,,,,,,,,,,,,,
FRB20231223A,False,0.607621,,,,,,,,,,,,,,
FRB20231223B,False,0.260065,,,,,,,,,,,,,,
FRB20231223C,False,0.95342,0.1059,,16.4227,0.00192596,0,DECaL_r,10.4,0.3,Other:NED-LVS:Leung2025b,,,,,"z:hostJSON(CHIME/FRB+2025(ApJS280,6));mag:DECaL_r(repo);Mstar:Other:NED-LVS:Leung2025b"
FRB20231223D,False,0.207991,,,,,,,,,,,,,,
FRB20231224A,False,0.081593,,,,,,,,,,,,,,
FRB20231224B,False,0.606816,,,,,,,,,,,,,,
FRB20231225A,False,0.477909,,,,,,,,,,,,,,
FRB20231225B,False,0.812765,,,,,,,,,,,,,,
FRB20231225C,False,0.216542,,,,,,,,,,,,,,
FRB20231225D,False,0.776728,,,,,,,,,,,,,,
FRB20231229A,False,0.998038,0.019,,15.3456,0.001866,0,Pan-STARRS_r,9.87,0.16,Photometric:CIGALE:Leung2025b,,,,,"z:hostJSON(CHIME/FRB+2025(ApJS280,6));mag:Pan-STARRS_r(repo);Mstar:Photometric:CIGALE:Leung2025b"
FRB20231230A,False,0.917597,0.0298,,14.5628,0.001851,0,DELVE_r,10.04,0.16,Photometric:CIGALE:Leung2025b,,,,,"z:hostJSON(CHIME/FRB+2025(ApJS280,6));mag:DELVE_r(repo);Mstar:Photometric:CIGALE:Leung2025b"
FRB20231230B,False,0.827039,,,,,,,,,,,,,,
FRB20231231A,False,0.37345,,,,,,,,,,,,,,
FRB20240114A,True,0.997,0.130287,,21.6883,0.0340401,0,DECaL_r,8.55,0.13,Prospector:Bhardwaj2025,0.061,0.0035,0,nebular,z:hostJSON(Bhardwaj2025);mag:DECaL_r(repo);Mstar:Prospector:Bhardwaj2025;SFR:nebular(Bhardwaj2025)
FRB20240209A,True,0.99,0.1384,,16.79,0.02,0,GMOS_N_r,11.34,0.01,Prospector:Eftekhari2024,0.36,,1,SED,z:hostJSON(Shah2024);mag:GMOS_N_r(Eftekhari2024);Mstar:Prospector:Eftekhari2024;SFR:SED(Eftekhari2024)
FRB20240210B,False,0.552476,,,,,,,,,,,,,,
FRB20240210C,False,0.503481,,,,,,,,,,,,,,
